{
    "mse": 0.771864,
    "rmse": 0.878558,
    "mae": 0.674577,
    "r2": 0.228812
}